﻿Geography,Percent limited English-speaking households—All households—Estimate,MoE
Census Tract 1.01,0%,± 2.7%
Census Tract 1.02,0.50%,± 0.8%
Census Tract 1.03,0%,± 3.8%
Census Tract 1.04,0%,± 3.4%
Census Tract 1.05,1.40%,± 1.7%
Census Tract 10,2.80%,± 2.7%
Census Tract 101.01,0%,± 1.6%
Census Tract 101.02,0%,± 1.5%
Census Tract 102,0%,± 1.6%
Census Tract 103,0%,± 1.2%
Census Tract 104,2.40%,± 2.8%
Census Tract 105,1.50%,± 2.5%
Census Tract 106,0%,± 1%
Census Tract 11.01,0%,± 2%
Census Tract 11.02,2.40%,± 3.8%
Census Tract 12,0%,± 45.3%
Census Tract 13.02,3.50%,± 5%
Census Tract 13.03,1.70%,± 1.7%
Census Tract 13.04,9%,± 6.7%
Census Tract 2,0.60%,± 1%
Census Tract 3,6.20%,± 7.9%
Census Tract 4,2.10%,± 2.5%
Census Tract 5,5.10%,± 4.5%
Census Tract 6,2.20%,± 2.5%
Census Tract 7,12.40%,± 7.9%
Census Tract 8,-,**
Census Tract 9,0%,± 1.4%
