<?xml version="1.0" encoding="UTF-8"?>
<metadata xml:lang="en"><Esri><CreaDate>20251202</CreaDate><CreaTime>15401500</CreaTime><ArcGISFormat>1.0</ArcGISFormat><SyncOnce>TRUE</SyncOnce><DataProperties><lineage><Process ToolSource="c:\program files\arcgis\pro\Resources\ArcToolbox\toolboxes\Conversion Tools.tbx\JSONToFeatures" Date="20251202" Time="154015">JSONToFeatures "C:\Users\df675\Documents\ArcGIS\CRP 456\Code sharing\P504577759-2025-11-2009564883-MapLayer.json" "C:\Users\df675\Documents\ArcGIS\CRP 456\Code sharing\json_fc.shp" POLYGON</Process></lineage></DataProperties></Esri></metadata>
