<?xml version="1.0" encoding="UTF-8"?>
<metadata xml:lang="en"><Esri><CreaDate>20251202</CreaDate><CreaTime>15492400</CreaTime><ArcGISFormat>1.0</ArcGISFormat><SyncOnce>FALSE</SyncOnce><DataProperties><itemProps><itemName Sync="TRUE">json_fc</itemName><imsContentType Sync="TRUE">002</imsContentType><itemSize Sync="TRUE">0.000</itemSize><itemLocation><linkage Sync="TRUE">file://\\ACCRABINGSWAY\C$\Users\df675\Documents\ArcGIS\CRP 456\Code sharing\Census Tract-2025-12-01T23_47_26.091Z\json_fc.dbf</linkage><protocol Sync="TRUE">Local Area Network</protocol></itemLocation></itemProps><lineage><Process ToolSource="c:\program files\arcgis\pro\Resources\ArcToolbox\toolboxes\Data Management Tools.tbx\Merge" Date="20251202" Time="154924">Merge 'C:\Users\df675\Documents\ArcGIS\CRP 456\Code sharing\export_2025-12-01T23_47_19.119Z.csv' "C:\Users\df675\Documents\ArcGIS\CRP 456\Code sharing\Census Tract-2025-12-01T23_47_26.091Z\json_fc.dbf" "Geography "Geography" true true false 8000 Text 0 0,First,#,C:\Users\df675\Documents\ArcGIS\CRP 456\Code sharing\export_2025-12-01T23_47_19.119Z.csv,Geography,0,7999;Percent limited English-speaking households—All households—Estimate "Percent limited English-speaking households—All households—Estimate" true true false 8000 Text 0 0,First,#,C:\Users\df675\Documents\ArcGIS\CRP 456\Code sharing\export_2025-12-01T23_47_19.119Z.csv,Percent limited English-speaking households—All households—Estimate,0,7999;MoE "MoE" true true false 8000 Text 0 0,First,#,C:\Users\df675\Documents\ArcGIS\CRP 456\Code sharing\export_2025-12-01T23_47_19.119Z.csv,MoE,0,7999" NO_SOURCE_INFO MANUAL_EDIT</Process></lineage></DataProperties><SyncDate>20251202</SyncDate><SyncTime>15492400</SyncTime><ModDate>20251202</ModDate><ModTime>15492400</ModTime></Esri><dataIdInfo><envirDesc Sync="TRUE">Microsoft Windows 10 Version 10.0 (Build 26100) ; Esri ArcGIS 13.4.0.55405</envirDesc><dataLang><languageCode value="eng" Sync="TRUE"></languageCode><countryCode value="USA" Sync="TRUE"></countryCode></dataLang><idCitation><resTitle Sync="TRUE">json_fc</resTitle><presForm><PresFormCd value="011" Sync="TRUE"></PresFormCd></presForm></idCitation><spatRpType><SpatRepTypCd value="003" Sync="TRUE"></SpatRepTypCd></spatRpType></dataIdInfo><mdLang><languageCode value="eng" Sync="TRUE"></languageCode><countryCode value="USA" Sync="TRUE"></countryCode></mdLang><mdChar><CharSetCd value="004" Sync="TRUE"></CharSetCd></mdChar><distInfo><distFormat><formatName Sync="TRUE">dBASE Table</formatName></distFormat><distTranOps><transSize Sync="TRUE">0.000</transSize></distTranOps></distInfo><mdHrLv><ScopeCd value="007" Sync="TRUE"></ScopeCd></mdHrLv><mdHrLvName Sync="TRUE">dataset</mdHrLvName><eainfo><detailed Name="json_fc"><enttyp><enttypl Sync="TRUE">json_fc</enttypl><enttypt Sync="TRUE">Table</enttypt><enttypc Sync="TRUE">0</enttypc></enttyp><attr><attrlabl Sync="TRUE">OID</attrlabl><attalias Sync="TRUE">OID</attalias><attrtype Sync="TRUE">OID</attrtype><attwidth Sync="TRUE">4</attwidth><atprecis Sync="TRUE">0</atprecis><attscale Sync="TRUE">0</attscale><attrdef Sync="TRUE">Internal feature number.</attrdef><attrdefs Sync="TRUE">Esri</attrdefs><attrdomv><udom Sync="TRUE">Sequential unique whole numbers that are automatically generated.</udom></attrdomv></attr><attr><attrlabl Sync="TRUE">Geography</attrlabl><attalias Sync="TRUE">Geography</attalias><attrtype Sync="TRUE">String</attrtype><attwidth Sync="TRUE">254</attwidth><atprecis Sync="TRUE">0</atprecis><attscale Sync="TRUE">0</attscale></attr><attr><attrlabl Sync="TRUE">Percent_li</attrlabl><attalias Sync="TRUE">Percent_li</attalias><attrtype Sync="TRUE">String</attrtype><attwidth Sync="TRUE">254</attwidth><atprecis Sync="TRUE">0</atprecis><attscale Sync="TRUE">0</attscale></attr><attr><attrlabl Sync="TRUE">MoE</attrlabl><attalias Sync="TRUE">MoE</attalias><attrtype Sync="TRUE">String</attrtype><attwidth Sync="TRUE">254</attwidth><atprecis Sync="TRUE">0</atprecis><attscale Sync="TRUE">0</attscale></attr></detailed></eainfo><mdDateSt Sync="TRUE">20251202</mdDateSt></metadata>
